Attribute,Group,Accuracy,Precision,Recall,F1
age,young,0.44982698961937717,0.49220732149329466,0.44971985742858606,0.4266525005476709
age,old,0.4434782608695652,0.46324786324786327,0.4219883126133126,0.40570105587268057
age,Average,0.4466526252444712,0.47772759237057894,0.43585408502094936,0.41617677821017574
gender,male,0.4511627906976744,0.46951362781954886,0.43939817521030833,0.4320107879345473
gender,female,0.4444444444444444,0.4479285262492093,0.44888663967611336,0.4163386873736837
gender,Average,0.4478036175710594,0.4587210770343791,0.4441424074432109,0.4241747376541155
Average,All,0.4472281214077653,0.46822433470247904,0.4399982462320801,0.4201757579321456
