Attribute,Group,Accuracy,Precision,Recall,F1
age,young,0.49480968858131485,0.5216276477146042,0.4795483101697523,0.45507278667083745
age,old,0.4,0.4868279569892473,0.4130285224035224,0.391122349649892
age,Average,0.4474048442906574,0.5042278023519258,0.44628841628663735,0.4230975681603647
gender,male,0.4790697674418605,0.5628832218506131,0.4896831397565253,0.4701403239076125
gender,female,0.4497354497354497,0.43860389610389605,0.4335116637748217,0.3992509683299157
gender,Average,0.4644026085886551,0.5007435589772546,0.4615974017656735,0.4346956461187641
Average,All,0.45590372643965626,0.5024856806645902,0.4539429090261554,0.4288966071395644
