Attribute,Group,Accuracy,Precision,Recall,F1
age,young,0.7197231833910035,0.7234545435365107,0.7234691522642187,0.7167751094729193
age,old,0.6695652173913044,0.6510996044406183,0.6149030367780368,0.6218830403087477
age,Average,0.6946442003911539,0.6872770739885645,0.6691860945211278,0.6693290748908336
gender,male,0.7302325581395349,0.7304330065359477,0.7133183597224694,0.7184921184904541
gender,female,0.656084656084656,0.6565929790719707,0.6699440909967226,0.6452645144505609
gender,Average,0.6931586071120954,0.6935129928039592,0.691631225359596,0.6818783164705076
Average,All,0.6939014037516247,0.6903950333962618,0.6804086599403618,0.6756036956806706
