,Macro,Macro,Macro,Micro,Micro,Micro,
model,Precision,Recall,F1,Precision,Recall,F1,Accuracy
CnnA2,0.6766481734371643,0.6757425742574257,0.675443394590846,0.6757425742574258,0.6757425742574258,0.6757425742574258,0.6757425742574258
