,Macro,Macro,Macro,Micro,Micro,Micro,
model,Precision,Recall,F1,Precision,Recall,F1,Accuracy
CnnA3,0.7121815958164641,0.7029702970297029,0.7020998778454363,0.7029702970297029,0.7029702970297029,0.7029702970297029,0.7029702970297029
