,Macro,Macro,Macro,Micro,Micro,Micro,
model,Precision,Recall,F1,Precision,Recall,F1,Accuracy
main_model,0.7165031292652886,0.6955445544554456,0.6937970247602196,0.6955445544554455,0.6955445544554455,0.6955445544554455,0.6955445544554455
